id;receive_email;private_profile;phone_number;created_date;updated_date
1;true;false;up Hat Tuna;2021-03-30T11:20:42;2021-03-30T03:49:56
2;false;false;Beauty parsing;2021-03-29T19:03:51;2021-03-29T21:37:14
3;false;false;Denar online;2021-03-29T23:32:48;2021-03-30T05:21:10
4;true;true;application;2021-03-30T04:56:07;2021-03-29T16:07:23
5;false;true;Buckinghamshire Paradigm Towels;2021-03-29T20:04:34;2021-03-29T21:51:55
6;true;true;Movies responsive;2021-03-29T23:35:41;2021-03-30T06:45:10
7;false;true;Chair;2021-03-30T06:35:12;2021-03-29T16:06:38
8;true;false;plug-and-play Generic;2021-03-29T17:19:26;2021-03-30T02:53:17
9;true;false;Renminbi Shirt;2021-03-29T21:25:46;2021-03-29T22:45:02
10;false;false;payment Montana Cheese;2021-03-30T02:52:44;2021-03-30T04:48:37
